﻿<?xml version="1.0" encoding="utf-8"?>
<Launcher>
    <Korea>
    <RFDlgInfo>
      <LANGUAGE LEFT="252" UP="478" RIGHT="339" DOWN="499" />
      <MOVIE LEFT="339" UP="478" RIGHT="426" DOWN="499"></MOVIE>
      <HOMEPAGE LEFT="426" UP="478" RIGHT="513" DOWN="499"></HOMEPAGE>
      <GAMEGUIDE LEFT="513" UP="478" RIGHT="600" DOWN="499"></GAMEGUIDE>
      <SETUP LEFT="600" UP="478" RIGHT="687" DOWN="499"></SETUP>
    </RFDlgInfo>
    <LDlgInfo>
	  <DLG_POS LEFT="685" UP="66" RIGHT="1015" DOWN="522"></DLG_POS>
      <JOIN_BTN LEFT="82" UP="74" RIGHT="148" DOWN="93"></JOIN_BTN>
      <WINDOW_MODE LEFT="159" UP="74" RIGHT="290" DOWN="91"></WINDOW_MODE>
	  <NOTICE_WEB LEFT="14" UP="102" RIGHT="344" DOWN="465"></NOTICE_WEB>
      <NOTICE_WEB2 LEFT="14" UP="315" RIGHT="344" DOWN="465"></NOTICE_WEB2>
    </LDlgInfo>
    <SetupPosInfo>
	  <DLG_POS LEFT="685" UP="54" RIGHT="1015" DOWN="522"></DLG_POS>
	  <SHADOW_COMBO_STRING STRING1="캐릭터만" STRING2="캐릭터+1" STRING3="캐릭터+10" STRING4="무제한"></SHADOW_COMBO_STRING>
      <TEXTURE_QUALITY_RADIO_POS1 LEFT="140" UP="88" RIGHT="153" DOWN="101"></TEXTURE_QUALITY_RADIO_POS1>
      <TEXTURE_QUALITY_RADIO_POS2 LEFT="181" UP="88" RIGHT="194" DOWN="101"></TEXTURE_QUALITY_RADIO_POS2>
      <TEXTURE_QUALITY_RADIO_POS3 LEFT="224" UP="88" RIGHT="237" DOWN="101"></TEXTURE_QUALITY_RADIO_POS3>
      <TEXTURE_QUALITY_RADIO_POS4 LEFT="265" UP="88" RIGHT="278" DOWN="101"></TEXTURE_QUALITY_RADIO_POS4>
      <DANAMIC_LIGHTS_RADIO_POS1 LEFT="149" UP="111" RIGHT="162" DOWN="124"></DANAMIC_LIGHTS_RADIO_POS1>
      <DANAMIC_LIGHTS_RADIO_POS2 LEFT="191" UP="111" RIGHT="204" DOWN="124"></DANAMIC_LIGHTS_RADIO_POS2>
      <DANAMIC_LIGHTS_RADIO_POS3 LEFT="228" UP="111" RIGHT="241" DOWN="124"></DANAMIC_LIGHTS_RADIO_POS3>
      <DANAMIC_LIGHTS_RADIO_POS4 LEFT="265" UP="111" RIGHT="278" DOWN="124"></DANAMIC_LIGHTS_RADIO_POS4>
      <GLOW_EFFECT_RADIO_POS1 LEFT="203" UP="134" RIGHT="216" DOWN="147"></GLOW_EFFECT_RADIO_POS1>
      <GLOW_EFFECT_RADIO_POS2 LEFT="245" UP="134" RIGHT="258" DOWN="147"></GLOW_EFFECT_RADIO_POS2>
      <GLOW_EFFECT_RADIO_POS3 LEFT="287" UP="134" RIGHT="300" DOWN="147"></GLOW_EFFECT_RADIO_POS3>
      <SHADOW_RADIO_POS1 LEFT="144" UP="157" RIGHT="157" DOWN="170"></SHADOW_RADIO_POS1>
      <SHADOW_RADIO_POS2 LEFT="185" UP="157" RIGHT="198" DOWN="170"></SHADOW_RADIO_POS2>
      <SHADOW_RADIO_POS3 LEFT="223" UP="157" RIGHT="236" DOWN="170"></SHADOW_RADIO_POS3>
      <SHADOW_RADIO_POS4 LEFT="265" UP="157" RIGHT="278" DOWN="170"></SHADOW_RADIO_POS4>
      <SETTING_RADIO_POS1 LEFT="187" UP="182" RIGHT="200" DOWN="195"></SETTING_RADIO_POS1>
      <SETTING_RADIO_POS2 LEFT="187" UP="195" RIGHT="200" DOWN="208"></SETTING_RADIO_POS2>
      <SETTING_RADIO_POS3 LEFT="187" UP="208" RIGHT="200" DOWN="221"></SETTING_RADIO_POS3>
      <SETTING_RADIO_POS4 LEFT="187" UP="221" RIGHT="200" DOWN="235"></SETTING_RADIO_POS4>
      <SETTING_RADIO_POS5 LEFT="187" UP="235" RIGHT="200" DOWN="248"></SETTING_RADIO_POS5>
      <COMBO_GAMMA LEFT="16" UP="299" RIGHT="64" DOWN="310"></COMBO_GAMMA>
      <MUSIC_BTN LEFT="207" UP="257" RIGHT="223" DOWN="273"></MUSIC_BTN>
      <SOUND_BTN LEFT="271" UP="257" RIGHT="287" DOWN="273"></SOUND_BTN>
      <MOUSE_BTN LEFT="103" UP="406" RIGHT="119" DOWN="422"></MOUSE_BTN>
      <DTEXTURE_BTN LEFT="114" UP="430" RIGHT="130" DOWN="446"></DTEXTURE_BTN>
      <SAVE_BTN LEFT="205" UP="423" RIGHT="263" DOWN="443"></SAVE_BTN>
      <CANCEL_BTN LEFT="264" UP="423" RIGHT="322" DOWN="443"></CANCEL_BTN>
    </SetupPosInfo>
    <SLDlgInfo FONT_NAME="돋움">
      <DLG_POS LEFT="685" UP="15" RIGHT="1015" DOWN="555"></DLG_POS>
      <LIST_RECT LEFT="10" UP="120" RIGHT="304" DOWN="310"></LIST_RECT>
      <LIST_RECT2 LEFT="10" UP="120" RIGHT="304" DOWN="310"></LIST_RECT2>
      <LIST_RECT3 LEFT="10" UP="315" RIGHT="285" DOWN="330"></LIST_RECT3>
      <DESC_START CX="70" CY="315"></DESC_START>
    </SLDlgInfo>
    <SGDlgInfo>
      <DLG_POS LEFT="0" UP="0" RIGHT="1017" DOWN="522"></DLG_POS>
      <IMAGE_POS LEFT="12" UP="24" RIGHT="685" DOWN="513"></IMAGE_POS>
      <NOTICE_POS LEFT="690" UP="24" RIGHT="1007" DOWN="440"></NOTICE_POS>
      <OK LEFT="695" UP="459" RIGHT="818" DOWN="494"></OK>
      <CANCEL LEFT="828" UP="459" RIGHT="989" DOWN="494"></CANCEL>
    </SGDlgInfo>
  </Korea>
  <Japan>
    <RFDlgInfo>
      <LANGUAGE LEFT="252" UP="478" RIGHT="339" DOWN="499" />
      <MOVIE LEFT="339" UP="478" RIGHT="426" DOWN="499"></MOVIE>
      <HOMEPAGE LEFT="440" UP="478" RIGHT="568" DOWN="499"></HOMEPAGE>
      <GAMEGUIDE LEFT="513" UP="478" RIGHT="600" DOWN="499"></GAMEGUIDE>
      <SETUP LEFT="570" UP="478" RIGHT="677" DOWN="499"></SETUP>
    </RFDlgInfo>
    <LDlgInfo>
	  <DLG_POS LEFT="685" UP="66" RIGHT="1015" DOWN="522"></DLG_POS>
      <JOIN_BTN LEFT="82" UP="74" RIGHT="148" DOWN="93"></JOIN_BTN>
      <WINDOW_MODE LEFT="159" UP="74" RIGHT="290" DOWN="91"></WINDOW_MODE>
	  <NOTICE_WEB LEFT="8" UP="96" RIGHT="320" DOWN="394"></NOTICE_WEB>
	  <NOTICE_WEB2 LEFT="8" UP="148" RIGHT="320" DOWN="446"></NOTICE_WEB2>
      <START LEFT="15" UP="400" RIGHT="315" DOWN="450"></START>
    </LDlgInfo>
    <SetupPosInfo>
	  <DLG_POS LEFT="685" UP="54" RIGHT="1015" DOWN="522"></DLG_POS>
	  <SHADOW_COMBO_STRING STRING1="Character Only" STRING2="Character+1" STRING3="Character+10" STRING4="Unlimited"></SHADOW_COMBO_STRING>
      <TEXTURE_QUALITY_RADIO_POS1 LEFT="113" UP="88" RIGHT="126" DOWN="101"></TEXTURE_QUALITY_RADIO_POS1>
      <TEXTURE_QUALITY_RADIO_POS2 LEFT="149" UP="88" RIGHT="162" DOWN="101"></TEXTURE_QUALITY_RADIO_POS2>
      <TEXTURE_QUALITY_RADIO_POS3 LEFT="209" UP="88" RIGHT="222" DOWN="101"></TEXTURE_QUALITY_RADIO_POS3>
      <TEXTURE_QUALITY_RADIO_POS4 LEFT="251" UP="88" RIGHT="264" DOWN="101"></TEXTURE_QUALITY_RADIO_POS4>
      <DANAMIC_LIGHTS_RADIO_POS1 LEFT="161" UP="111" RIGHT="174" DOWN="124"></DANAMIC_LIGHTS_RADIO_POS1>
      <DANAMIC_LIGHTS_RADIO_POS2 LEFT="204" UP="111" RIGHT="217" DOWN="124"></DANAMIC_LIGHTS_RADIO_POS2>
      <DANAMIC_LIGHTS_RADIO_POS3 LEFT="227" UP="111" RIGHT="240" DOWN="124"></DANAMIC_LIGHTS_RADIO_POS3>
      <DANAMIC_LIGHTS_RADIO_POS4 LEFT="251" UP="111" RIGHT="264" DOWN="124"></DANAMIC_LIGHTS_RADIO_POS4>
      <GLOW_EFFECT_RADIO_POS1 LEFT="203" UP="134" RIGHT="216" DOWN="147"></GLOW_EFFECT_RADIO_POS1>
      <GLOW_EFFECT_RADIO_POS2 LEFT="245" UP="134" RIGHT="258" DOWN="147"></GLOW_EFFECT_RADIO_POS2>
      <GLOW_EFFECT_RADIO_POS3 LEFT="281" UP="134" RIGHT="294" DOWN="147"></GLOW_EFFECT_RADIO_POS3>
      <SHADOW_RADIO_POS1 LEFT="125" UP="157" RIGHT="138" DOWN="170"></SHADOW_RADIO_POS1>
      <SHADOW_RADIO_POS2 LEFT="185" UP="157" RIGHT="198" DOWN="170"></SHADOW_RADIO_POS2>
      <SHADOW_RADIO_POS3 LEFT="215" UP="157" RIGHT="228" DOWN="170"></SHADOW_RADIO_POS3>
      <SHADOW_RADIO_POS4 LEFT="251" UP="157" RIGHT="264" DOWN="170"></SHADOW_RADIO_POS4>
      <SETTING_RADIO_POS1 LEFT="183" UP="182" RIGHT="196" DOWN="195"></SETTING_RADIO_POS1>
      <SETTING_RADIO_POS2 LEFT="183" UP="195" RIGHT="196" DOWN="208"></SETTING_RADIO_POS2>
      <SETTING_RADIO_POS3 LEFT="183" UP="208" RIGHT="196" DOWN="221"></SETTING_RADIO_POS3>
      <SETTING_RADIO_POS4 LEFT="183" UP="221" RIGHT="196" DOWN="235"></SETTING_RADIO_POS4>
      <SETTING_RADIO_POS5 LEFT="183" UP="235" RIGHT="196" DOWN="248"></SETTING_RADIO_POS5>
      <COMBO_GAMMA LEFT="16" UP="299" RIGHT="64" DOWN="310"></COMBO_GAMMA>
      <MUSIC_BTN LEFT="206" UP="257" RIGHT="222" DOWN="273"></MUSIC_BTN>
      <SOUND_BTN LEFT="266" UP="257" RIGHT="282" DOWN="273"></SOUND_BTN>
      <MOUSE_BTN LEFT="163" UP="406" RIGHT="179" DOWN="422"></MOUSE_BTN>
      <DTEXTURE_BTN LEFT="138" UP="430" RIGHT="154" DOWN="446"></DTEXTURE_BTN>
      <SAVE_BTN LEFT="205" UP="423" RIGHT="263" DOWN="443"></SAVE_BTN>
      <CANCEL_BTN LEFT="264" UP="423" RIGHT="322" DOWN="443"></CANCEL_BTN>
    </SetupPosInfo>
    <SLDlgInfo FONT_NAME="&#xD;&#xA;        MS Gothic&#xD;&#xA;      ">
      <DLG_POS LEFT="685" UP="66" RIGHT="1015" DOWN="560"></DLG_POS>
      <LIST_RECT LEFT="5" UP="14" RIGHT="285" DOWN="385"></LIST_RECT>
      <LIST_RECT2 LEFT="157" UP="20" RIGHT="304" DOWN="310"></LIST_RECT2>
      <LIST_RECT3 LEFT="5" UP="110" RIGHT="285" DOWN="145"></LIST_RECT3>
      <DESC_START CX="135" CY="14"></DESC_START>
    </SLDlgInfo>
    <SGDlgInfo>
      <DLG_POS LEFT="0" UP="0" RIGHT="1017" DOWN="522"></DLG_POS>
      <IMAGE_POS LEFT="12" UP="24" RIGHT="685" DOWN="513"></IMAGE_POS>
      <NOTICE_POS LEFT="690" UP="24" RIGHT="1007" DOWN="440"></NOTICE_POS>
      <OK LEFT="695" UP="459" RIGHT="818" DOWN="494"></OK>
      <CANCEL LEFT="828" UP="459" RIGHT="989" DOWN="494"></CANCEL>
    </SGDlgInfo>
  </Japan>
  <USA>
    <RFDlgInfo>
      <LANGUAGE LEFT="252" UP="478" RIGHT="339" DOWN="499" />
      <MOVIE LEFT="339" UP="478" RIGHT="426" DOWN="499"></MOVIE>
      <SETUP LEFT="513" UP="478" RIGHT="600" DOWN="499"></SETUP>
    </RFDlgInfo>
    <LDlgInfo>
	  <DLG_POS LEFT="685" UP="66" RIGHT="1015" DOWN="522"></DLG_POS>
      <JOIN_BTN LEFT="82" UP="74" RIGHT="148" DOWN="93"></JOIN_BTN>
      <WINDOW_MODE LEFT="159" UP="74" RIGHT="290" DOWN="91"></WINDOW_MODE>
	  <NOTICE_WEB LEFT="14" UP="102" RIGHT="344" DOWN="465"></NOTICE_WEB>
    </LDlgInfo>
    <SetupPosInfo TEXTURE_QUALITY_RANGE="4" DYNAMIC_LIGHTS_RANGE="4" GLOW_EFFECT_RANGE="3" SHADOW_RANGE="4" SETTING_RANGE="5">
	  <SHADOW_COMBO_STRING STRING1="Character Only" STRING2="Character+1" STRING3="Character+10" STRING4="Unlimited"></SHADOW_COMBO_STRING>
	  <DLG_POS LEFT="685" UP="54" RIGHT="1015" DOWN="522"></DLG_POS>
      <TEXTURE_QUALITY_RADIO_POS1 LEFT="123" UP="90" RIGHT="132" DOWN="99"></TEXTURE_QUALITY_RADIO_POS1>
      <TEXTURE_QUALITY_RADIO_POS2 LEFT="166" UP="90" RIGHT="175" DOWN="99"></TEXTURE_QUALITY_RADIO_POS2>
      <TEXTURE_QUALITY_RADIO_POS3 LEFT="220" UP="90" RIGHT="229" DOWN="99"></TEXTURE_QUALITY_RADIO_POS3>
      <TEXTURE_QUALITY_RADIO_POS4 LEFT="264" UP="90" RIGHT="273" DOWN="99"></TEXTURE_QUALITY_RADIO_POS4>
      <DANAMIC_LIGHTS_RADIO_POS1 LEFT="172" UP="113" RIGHT="181" DOWN="122"></DANAMIC_LIGHTS_RADIO_POS1>
      <DANAMIC_LIGHTS_RADIO_POS2 LEFT="218" UP="113" RIGHT="227" DOWN="122"></DANAMIC_LIGHTS_RADIO_POS2>
      <DANAMIC_LIGHTS_RADIO_POS3 LEFT="245" UP="113" RIGHT="254" DOWN="122"></DANAMIC_LIGHTS_RADIO_POS3>
      <DANAMIC_LIGHTS_RADIO_POS4 LEFT="269" UP="113" RIGHT="278" DOWN="122"></DANAMIC_LIGHTS_RADIO_POS4>
      <GLOW_EFFECT_RADIO_POS1 LEFT="204" UP="136" RIGHT="213" DOWN="145"></GLOW_EFFECT_RADIO_POS1>
      <GLOW_EFFECT_RADIO_POS2 LEFT="247" UP="136" RIGHT="256" DOWN="145"></GLOW_EFFECT_RADIO_POS2>
      <GLOW_EFFECT_RADIO_POS3 LEFT="290" UP="136" RIGHT="299" DOWN="145"></GLOW_EFFECT_RADIO_POS3>
      <SHADOW_RADIO_POS1 LEFT="142" UP="159" RIGHT="151" DOWN="168"></SHADOW_RADIO_POS1>
      <SHADOW_RADIO_POS2 LEFT="197" UP="159" RIGHT="206" DOWN="168"></SHADOW_RADIO_POS2>
      <SHADOW_RADIO_POS3 LEFT="230" UP="159" RIGHT="239" DOWN="168"></SHADOW_RADIO_POS3>
      <SHADOW_RADIO_POS4 LEFT="269" UP="159" RIGHT="278" DOWN="168"></SHADOW_RADIO_POS4>
      <SETTING_RADIO_POS1 LEFT="226" UP="184" RIGHT="235" DOWN="193"></SETTING_RADIO_POS1>
      <SETTING_RADIO_POS2 LEFT="226" UP="197" RIGHT="235" DOWN="206"></SETTING_RADIO_POS2>
      <SETTING_RADIO_POS3 LEFT="226" UP="210" RIGHT="235" DOWN="219"></SETTING_RADIO_POS3>
      <SETTING_RADIO_POS4 LEFT="226" UP="223" RIGHT="235" DOWN="232"></SETTING_RADIO_POS4>
      <SETTING_RADIO_POS5 LEFT="226" UP="236" RIGHT="235" DOWN="245"></SETTING_RADIO_POS5>
      <COMBO_GAMMA LEFT="16" UP="299" RIGHT="64" DOWN="310"></COMBO_GAMMA>
      <MUSIC_BTN LEFT="130" UP="257" RIGHT="146" DOWN="273"></MUSIC_BTN>
      <SOUND_BTN LEFT="245" UP="257" RIGHT="261" DOWN="273"></SOUND_BTN>
      <MOUSE_BTN LEFT="135" UP="406" RIGHT="151" DOWN="422"></MOUSE_BTN>
      <DTEXTURE_BTN LEFT="105" UP="430" RIGHT="121" DOWN="446"></DTEXTURE_BTN>
      <SAVE_BTN LEFT="205" UP="423" RIGHT="263" DOWN="443"></SAVE_BTN>
      <CANCEL_BTN LEFT="264" UP="423" RIGHT="322" DOWN="443"></CANCEL_BTN>
    </SetupPosInfo>
    <SLDlgInfo FONT_NAME="&#xA;        Arial&#xA;      ">
      <DLG_POS LEFT="685" UP="20" RIGHT="1015" DOWN="560"></DLG_POS>
      <LIST_RECT LEFT="5" UP="14" RIGHT="285" DOWN="385"></LIST_RECT>
      <LIST_RECT2 LEFT="157" UP="20" RIGHT="304" DOWN="310"></LIST_RECT2>
      <LIST_RECT3 LEFT="5" UP="110" RIGHT="285" DOWN="145"></LIST_RECT3>
      <DESC_START CX="135" CY="14"></DESC_START>
    </SLDlgInfo>
    <SGDlgInfo>
      <DLG_POS LEFT="0" UP="0" RIGHT="274" DOWN="344"></DLG_POS>
      <IMAGE_POS LEFT="3" UP="3" RIGHT="440" DOWN="341"></IMAGE_POS>
      <NOTICE_POS LEFT="7" UP="70" RIGHT="267" DOWN="310"></NOTICE_POS>
      <OK LEFT="60" UP="320" RIGHT="143" DOWN="340"></OK>
      <CANCEL LEFT="145" UP="320" RIGHT="223" DOWN="340"></CANCEL>
    </SGDlgInfo>
  </USA>
  <Russia>
    <RFDlgInfo>
      <LANGUAGE LEFT="252" UP="478" RIGHT="339" DOWN="499" />
      <HOMEPAGE LEFT="340" UP="478" RIGHT="427" DOWN="499"></HOMEPAGE>
      <SETUP LEFT="432" UP="478" RIGHT="519" DOWN="499"></SETUP>
    </RFDlgInfo>
    <LDlgInfo>
	  <DLG_POS LEFT="685" UP="66" RIGHT="1015" DOWN="522"></DLG_POS>
      <JOIN_BTN LEFT="82" UP="74" RIGHT="186" DOWN="93"></JOIN_BTN>
      <WINDOW_MODE LEFT="187" UP="74" RIGHT="320" DOWN="91"></WINDOW_MODE>
	  <NOTICE_WEB LEFT="14" UP="102" RIGHT="344" DOWN="465"></NOTICE_WEB>
    </LDlgInfo>
    <SetupPosInfo TEXTURE_QUALITY_RANGE="4" DYNAMIC_LIGHTS_RANGE="4" GLOW_EFFECT_RANGE="3" SHADOW_RANGE="4" SETTING_RANGE="5">
	  <SHADOW_COMBO_STRING STRING1="Character Only" STRING2="Character+1" STRING3="Character+10" STRING4="Unlimited"></SHADOW_COMBO_STRING>
	  <DLG_POS LEFT="685" UP="54" RIGHT="1015" DOWN="522"></DLG_POS>
      <TEXTURE_QUALITY_RADIO_POS1 LEFT="140" UP="88" RIGHT="153" DOWN="101"></TEXTURE_QUALITY_RADIO_POS1>
      <TEXTURE_QUALITY_RADIO_POS2 LEFT="181" UP="88" RIGHT="194" DOWN="101"></TEXTURE_QUALITY_RADIO_POS2>
      <TEXTURE_QUALITY_RADIO_POS3 LEFT="224" UP="88" RIGHT="237" DOWN="101"></TEXTURE_QUALITY_RADIO_POS3>
      <TEXTURE_QUALITY_RADIO_POS4 LEFT="265" UP="88" RIGHT="278" DOWN="101"></TEXTURE_QUALITY_RADIO_POS4>
      <DANAMIC_LIGHTS_RADIO_POS1 LEFT="149" UP="111" RIGHT="162" DOWN="124"></DANAMIC_LIGHTS_RADIO_POS1>
      <DANAMIC_LIGHTS_RADIO_POS2 LEFT="191" UP="111" RIGHT="204" DOWN="124"></DANAMIC_LIGHTS_RADIO_POS2>
      <DANAMIC_LIGHTS_RADIO_POS3 LEFT="228" UP="111" RIGHT="241" DOWN="124"></DANAMIC_LIGHTS_RADIO_POS3>
      <DANAMIC_LIGHTS_RADIO_POS4 LEFT="265" UP="111" RIGHT="278" DOWN="124"></DANAMIC_LIGHTS_RADIO_POS4>
      <GLOW_EFFECT_RADIO_POS1 LEFT="203" UP="134" RIGHT="216" DOWN="147"></GLOW_EFFECT_RADIO_POS1>
      <GLOW_EFFECT_RADIO_POS2 LEFT="245" UP="134" RIGHT="258" DOWN="147"></GLOW_EFFECT_RADIO_POS2>
      <GLOW_EFFECT_RADIO_POS3 LEFT="287" UP="134" RIGHT="300" DOWN="147"></GLOW_EFFECT_RADIO_POS3>
      <SHADOW_RADIO_POS1 LEFT="144" UP="157" RIGHT="157" DOWN="170"></SHADOW_RADIO_POS1>
      <SHADOW_RADIO_POS2 LEFT="185" UP="157" RIGHT="198" DOWN="170"></SHADOW_RADIO_POS2>
      <SHADOW_RADIO_POS3 LEFT="223" UP="157" RIGHT="236" DOWN="170"></SHADOW_RADIO_POS3>
      <SHADOW_RADIO_POS4 LEFT="265" UP="157" RIGHT="278" DOWN="170"></SHADOW_RADIO_POS4>
      <SETTING_RADIO_POS1 LEFT="187" UP="182" RIGHT="200" DOWN="195"></SETTING_RADIO_POS1>
      <SETTING_RADIO_POS2 LEFT="187" UP="195" RIGHT="200" DOWN="208"></SETTING_RADIO_POS2>
      <SETTING_RADIO_POS3 LEFT="187" UP="208" RIGHT="200" DOWN="221"></SETTING_RADIO_POS3>
      <SETTING_RADIO_POS4 LEFT="187" UP="221" RIGHT="200" DOWN="235"></SETTING_RADIO_POS4>
      <SETTING_RADIO_POS5 LEFT="187" UP="235" RIGHT="200" DOWN="248"></SETTING_RADIO_POS5>
      <COMBO_GAMMA LEFT="16" UP="299" RIGHT="64" DOWN="310"></COMBO_GAMMA>
      <MUSIC_BTN LEFT="207" UP="257" RIGHT="223" DOWN="273"></MUSIC_BTN>
      <SOUND_BTN LEFT="271" UP="257" RIGHT="287" DOWN="273"></SOUND_BTN>
      <MOUSE_BTN LEFT="103" UP="406" RIGHT="119" DOWN="422"></MOUSE_BTN>
      <DTEXTURE_BTN LEFT="114" UP="430" RIGHT="130" DOWN="446"></DTEXTURE_BTN>
      <SAVE_BTN LEFT="205" UP="423" RIGHT="263" DOWN="443"></SAVE_BTN>
      <CANCEL_BTN LEFT="264" UP="423" RIGHT="322" DOWN="443"></CANCEL_BTN>
    </SetupPosInfo>
    <SLDlgInfo FONT_NAME="&#xA;        Arial&#xA;      ">
      <DLG_POS LEFT="685" UP="20" RIGHT="1015" DOWN="560"></DLG_POS>
      <LIST_RECT LEFT="5" UP="14" RIGHT="285" DOWN="385"></LIST_RECT>
      <LIST_RECT2 LEFT="157" UP="20" RIGHT="304" DOWN="310"></LIST_RECT2>
      <LIST_RECT3 LEFT="5" UP="110" RIGHT="285" DOWN="145"></LIST_RECT3>
      <DESC_START CX="135" CY="14"></DESC_START>
    </SLDlgInfo>
    <SGDlgInfo>
      <DLG_POS LEFT="0" UP="0" RIGHT="274" DOWN="344"></DLG_POS>
      <IMAGE_POS LEFT="3" UP="3" RIGHT="440" DOWN="341"></IMAGE_POS>
      <NOTICE_POS LEFT="7" UP="70" RIGHT="267" DOWN="310"></NOTICE_POS>
      <OK LEFT="60" UP="320" RIGHT="143" DOWN="340"></OK>
      <CANCEL LEFT="145" UP="320" RIGHT="223" DOWN="340"></CANCEL>
    </SGDlgInfo>
  </Russia>
  <Indonesia>
    <RFDlgInfo>
      <LANGUAGE LEFT="252" UP="478" RIGHT="339" DOWN="499" />
      <HOMEPAGE LEFT="375" UP="478" RIGHT="479" DOWN="499"></HOMEPAGE>
      <SETUP LEFT="479" UP="478" RIGHT="546" DOWN="499"></SETUP>
    </RFDlgInfo>
    <LDlgInfo>
	  <DLG_POS LEFT="685" UP="66" RIGHT="1015" DOWN="522"></DLG_POS>
      <JOIN_BTN LEFT="82" UP="74" RIGHT="148" DOWN="93"></JOIN_BTN>
      <WINDOW_MODE LEFT="159" UP="74" RIGHT="290" DOWN="91"></WINDOW_MODE>
	  <NOTICE_WEB LEFT="14" UP="102" RIGHT="344" DOWN="465"></NOTICE_WEB>
    </LDlgInfo>
    <SetupPosInfo TEXTURE_QUALITY_RANGE="4" DYNAMIC_LIGHTS_RANGE="4" GLOW_EFFECT_RANGE="3" SHADOW_RANGE="4" SETTING_RANGE="5">
	  <DLG_POS LEFT="685" UP="54" RIGHT="1015" DOWN="522"></DLG_POS>
	  <SHADOW_COMBO_STRING STRING1="Character Only" STRING2="Character+1" STRING3="Character+10" STRING4="Unlimited"></SHADOW_COMBO_STRING>
      <TEXTURE_QUALITY_RADIO_POS1 LEFT="123" UP="90" RIGHT="132" DOWN="99"></TEXTURE_QUALITY_RADIO_POS1>
      <TEXTURE_QUALITY_RADIO_POS2 LEFT="166" UP="90" RIGHT="175" DOWN="99"></TEXTURE_QUALITY_RADIO_POS2>
      <TEXTURE_QUALITY_RADIO_POS3 LEFT="220" UP="90" RIGHT="229" DOWN="99"></TEXTURE_QUALITY_RADIO_POS3>
      <TEXTURE_QUALITY_RADIO_POS4 LEFT="264" UP="90" RIGHT="273" DOWN="99"></TEXTURE_QUALITY_RADIO_POS4>
      <DANAMIC_LIGHTS_RADIO_POS1 LEFT="172" UP="113" RIGHT="181" DOWN="122"></DANAMIC_LIGHTS_RADIO_POS1>
      <DANAMIC_LIGHTS_RADIO_POS2 LEFT="218" UP="113" RIGHT="227" DOWN="122"></DANAMIC_LIGHTS_RADIO_POS2>
      <DANAMIC_LIGHTS_RADIO_POS3 LEFT="245" UP="113" RIGHT="254" DOWN="122"></DANAMIC_LIGHTS_RADIO_POS3>
      <DANAMIC_LIGHTS_RADIO_POS4 LEFT="269" UP="113" RIGHT="278" DOWN="122"></DANAMIC_LIGHTS_RADIO_POS4>
      <GLOW_EFFECT_RADIO_POS1 LEFT="204" UP="136" RIGHT="213" DOWN="145"></GLOW_EFFECT_RADIO_POS1>
      <GLOW_EFFECT_RADIO_POS2 LEFT="247" UP="136" RIGHT="256" DOWN="145"></GLOW_EFFECT_RADIO_POS2>
      <GLOW_EFFECT_RADIO_POS3 LEFT="290" UP="136" RIGHT="299" DOWN="145"></GLOW_EFFECT_RADIO_POS3>
      <SHADOW_RADIO_POS1 LEFT="142" UP="159" RIGHT="151" DOWN="168"></SHADOW_RADIO_POS1>
      <SHADOW_RADIO_POS2 LEFT="197" UP="159" RIGHT="206" DOWN="168"></SHADOW_RADIO_POS2>
      <SHADOW_RADIO_POS3 LEFT="230" UP="159" RIGHT="239" DOWN="168"></SHADOW_RADIO_POS3>
      <SHADOW_RADIO_POS4 LEFT="269" UP="159" RIGHT="278" DOWN="168"></SHADOW_RADIO_POS4>
      <SETTING_RADIO_POS1 LEFT="226" UP="184" RIGHT="235" DOWN="193"></SETTING_RADIO_POS1>
      <SETTING_RADIO_POS2 LEFT="226" UP="197" RIGHT="235" DOWN="206"></SETTING_RADIO_POS2>
      <SETTING_RADIO_POS3 LEFT="226" UP="210" RIGHT="235" DOWN="219"></SETTING_RADIO_POS3>
      <SETTING_RADIO_POS4 LEFT="226" UP="223" RIGHT="235" DOWN="232"></SETTING_RADIO_POS4>
      <SETTING_RADIO_POS5 LEFT="226" UP="236" RIGHT="235" DOWN="245"></SETTING_RADIO_POS5>
      <COMBO_GAMMA LEFT="16" UP="299" RIGHT="64" DOWN="310"></COMBO_GAMMA>
      <MUSIC_BTN LEFT="130" UP="257" RIGHT="146" DOWN="273"></MUSIC_BTN>
      <SOUND_BTN LEFT="245" UP="257" RIGHT="261" DOWN="273"></SOUND_BTN>
      <MOUSE_BTN LEFT="135" UP="406" RIGHT="151" DOWN="422"></MOUSE_BTN>
      <DTEXTURE_BTN LEFT="105" UP="430" RIGHT="121" DOWN="446"></DTEXTURE_BTN>
      <SAVE_BTN LEFT="205" UP="423" RIGHT="263" DOWN="443"></SAVE_BTN>
      <CANCEL_BTN LEFT="264" UP="423" RIGHT="322" DOWN="443"></CANCEL_BTN>
    </SetupPosInfo>
    <SLDlgInfo FONT_NAME="&#xA;        Arial&#xA;      ">
      <DLG_POS LEFT="685" UP="20" RIGHT="1015" DOWN="560"></DLG_POS>
      <LIST_RECT LEFT="5" UP="14" RIGHT="285" DOWN="385"></LIST_RECT>
      <LIST_RECT2 LEFT="157" UP="20" RIGHT="304" DOWN="310"></LIST_RECT2>
      <LIST_RECT3 LEFT="5" UP="110" RIGHT="285" DOWN="145"></LIST_RECT3>
      <DESC_START CX="135" CY="14"></DESC_START>
    </SLDlgInfo>
    <SGDlgInfo>
      <DLG_POS LEFT="0" UP="0" RIGHT="274" DOWN="344"></DLG_POS>
      <IMAGE_POS LEFT="3" UP="3" RIGHT="440" DOWN="341"></IMAGE_POS>
      <NOTICE_POS LEFT="7" UP="70" RIGHT="267" DOWN="310"></NOTICE_POS>
      <OK LEFT="60" UP="320" RIGHT="143" DOWN="340"></OK>
      <CANCEL LEFT="145" UP="320" RIGHT="223" DOWN="340"></CANCEL>
    </SGDlgInfo>
  </Indonesia>
  <Philippines>
    <RFDlgInfo>
      <LANGUAGE LEFT="252" UP="478" RIGHT="339" DOWN="499" />
      <HOMEPAGE LEFT="375" UP="478" RIGHT="479" DOWN="499"></HOMEPAGE>
      <SETUP LEFT="479" UP="478" RIGHT="546" DOWN="499"></SETUP>
    </RFDlgInfo>
    <LDlgInfo>
	  <DLG_POS LEFT="685" UP="66" RIGHT="1015" DOWN="522"></DLG_POS>
      <JOIN_BTN LEFT="82" UP="74" RIGHT="148" DOWN="93"></JOIN_BTN>
      <WINDOW_MODE LEFT="159" UP="74" RIGHT="290" DOWN="91"></WINDOW_MODE>
	  <NOTICE_WEB LEFT="14" UP="102" RIGHT="344" DOWN="465"></NOTICE_WEB>
    </LDlgInfo>
    <SetupPosInfo TEXTURE_QUALITY_RANGE="4" DYNAMIC_LIGHTS_RANGE="4" GLOW_EFFECT_RANGE="3" SHADOW_RANGE="4" SETTING_RANGE="5">
	  <DLG_POS LEFT="685" UP="54" RIGHT="1015" DOWN="522"></DLG_POS>
	  <SHADOW_COMBO_STRING STRING1="Character Only" STRING2="Character+1" STRING3="Character+10" STRING4="Unlimited"></SHADOW_COMBO_STRING>
      <TEXTURE_QUALITY_RADIO_POS1 LEFT="123" UP="90" RIGHT="132" DOWN="99"></TEXTURE_QUALITY_RADIO_POS1>
      <TEXTURE_QUALITY_RADIO_POS2 LEFT="166" UP="90" RIGHT="175" DOWN="99"></TEXTURE_QUALITY_RADIO_POS2>
      <TEXTURE_QUALITY_RADIO_POS3 LEFT="220" UP="90" RIGHT="229" DOWN="99"></TEXTURE_QUALITY_RADIO_POS3>
      <TEXTURE_QUALITY_RADIO_POS4 LEFT="264" UP="90" RIGHT="273" DOWN="99"></TEXTURE_QUALITY_RADIO_POS4>
      <DANAMIC_LIGHTS_RADIO_POS1 LEFT="172" UP="113" RIGHT="181" DOWN="122"></DANAMIC_LIGHTS_RADIO_POS1>
      <DANAMIC_LIGHTS_RADIO_POS2 LEFT="218" UP="113" RIGHT="227" DOWN="122"></DANAMIC_LIGHTS_RADIO_POS2>
      <DANAMIC_LIGHTS_RADIO_POS3 LEFT="245" UP="113" RIGHT="254" DOWN="122"></DANAMIC_LIGHTS_RADIO_POS3>
      <DANAMIC_LIGHTS_RADIO_POS4 LEFT="269" UP="113" RIGHT="278" DOWN="122"></DANAMIC_LIGHTS_RADIO_POS4>
      <GLOW_EFFECT_RADIO_POS1 LEFT="204" UP="136" RIGHT="213" DOWN="145"></GLOW_EFFECT_RADIO_POS1>
      <GLOW_EFFECT_RADIO_POS2 LEFT="247" UP="136" RIGHT="256" DOWN="145"></GLOW_EFFECT_RADIO_POS2>
      <GLOW_EFFECT_RADIO_POS3 LEFT="290" UP="136" RIGHT="299" DOWN="145"></GLOW_EFFECT_RADIO_POS3>
      <SHADOW_RADIO_POS1 LEFT="142" UP="159" RIGHT="151" DOWN="168"></SHADOW_RADIO_POS1>
      <SHADOW_RADIO_POS2 LEFT="197" UP="159" RIGHT="206" DOWN="168"></SHADOW_RADIO_POS2>
      <SHADOW_RADIO_POS3 LEFT="230" UP="159" RIGHT="239" DOWN="168"></SHADOW_RADIO_POS3>
      <SHADOW_RADIO_POS4 LEFT="269" UP="159" RIGHT="278" DOWN="168"></SHADOW_RADIO_POS4>
      <SETTING_RADIO_POS1 LEFT="226" UP="184" RIGHT="235" DOWN="193"></SETTING_RADIO_POS1>
      <SETTING_RADIO_POS2 LEFT="226" UP="197" RIGHT="235" DOWN="206"></SETTING_RADIO_POS2>
      <SETTING_RADIO_POS3 LEFT="226" UP="210" RIGHT="235" DOWN="219"></SETTING_RADIO_POS3>
      <SETTING_RADIO_POS4 LEFT="226" UP="223" RIGHT="235" DOWN="232"></SETTING_RADIO_POS4>
      <SETTING_RADIO_POS5 LEFT="226" UP="236" RIGHT="235" DOWN="245"></SETTING_RADIO_POS5>
      <COMBO_GAMMA LEFT="16" UP="299" RIGHT="64" DOWN="310"></COMBO_GAMMA>
      <MUSIC_BTN LEFT="130" UP="257" RIGHT="146" DOWN="273"></MUSIC_BTN>
      <SOUND_BTN LEFT="245" UP="257" RIGHT="261" DOWN="273"></SOUND_BTN>
      <MOUSE_BTN LEFT="135" UP="406" RIGHT="151" DOWN="422"></MOUSE_BTN>
      <DTEXTURE_BTN LEFT="105" UP="430" RIGHT="121" DOWN="446"></DTEXTURE_BTN>
      <SAVE_BTN LEFT="205" UP="423" RIGHT="263" DOWN="443"></SAVE_BTN>
      <CANCEL_BTN LEFT="264" UP="423" RIGHT="322" DOWN="443"></CANCEL_BTN>
    </SetupPosInfo>
    <SLDlgInfo FONT_NAME="&#xA;        Arial&#xA;      ">
      <DLG_POS LEFT="685" UP="20" RIGHT="1015" DOWN="560"></DLG_POS>
      <LIST_RECT LEFT="5" UP="14" RIGHT="285" DOWN="385"></LIST_RECT>
      <LIST_RECT2 LEFT="157" UP="20" RIGHT="304" DOWN="310"></LIST_RECT2>
      <LIST_RECT3 LEFT="5" UP="110" RIGHT="285" DOWN="145"></LIST_RECT3>
      <DESC_START CX="135" CY="14"></DESC_START>
    </SLDlgInfo>
    <SGDlgInfo>
      <DLG_POS LEFT="0" UP="0" RIGHT="274" DOWN="344"></DLG_POS>
      <IMAGE_POS LEFT="3" UP="3" RIGHT="440" DOWN="341"></IMAGE_POS>
      <NOTICE_POS LEFT="7" UP="70" RIGHT="267" DOWN="310"></NOTICE_POS>
      <OK LEFT="60" UP="320" RIGHT="143" DOWN="340"></OK>
      <CANCEL LEFT="145" UP="320" RIGHT="223" DOWN="340"></CANCEL>
    </SGDlgInfo>
  </Philippines>
  <Taiwan>
    <RFDlgInfo>
      <LANGUAGE LEFT="252" UP="478" RIGHT="339" DOWN="499" />
      <MOVIE LEFT="339" UP="478" RIGHT="426" DOWN="499"></MOVIE>
      <HOMEPAGE LEFT="426" UP="478" RIGHT="513" DOWN="499"></HOMEPAGE>
      <SETUP LEFT="513" UP="478" RIGHT="600" DOWN="499"></SETUP>
    </RFDlgInfo>
    <LDlgInfo>
	  <DLG_POS LEFT="685" UP="66" RIGHT="1015" DOWN="522"></DLG_POS>
      <JOIN_BTN LEFT="82" UP="74" RIGHT="148" DOWN="93"></JOIN_BTN>
      <WINDOW_MODE LEFT="159" UP="74" RIGHT="290" DOWN="91"></WINDOW_MODE>
	  <NOTICE_WEB LEFT="4" UP="96" RIGHT="316" DOWN="394"></NOTICE_WEB>
	  <START LEFT="15" UP="400" RIGHT="315" DOWN="450"></START>
    </LDlgInfo>
    <SetupPosInfo TEXTURE_QUALITY_RANGE="4" DYNAMIC_LIGHTS_RANGE="4" GLOW_EFFECT_RANGE="3" SHADOW_RANGE="4" SETTING_RANGE="5">
	  <DLG_POS LEFT="685" UP="54" RIGHT="1015" DOWN="522"></DLG_POS>
	  <SHADOW_COMBO_STRING STRING1="Character Only" STRING2="Character+1" STRING3="Character+10" STRING4="Unlimited"></SHADOW_COMBO_STRING>
      <TEXTURE_QUALITY_RADIO_POS1 LEFT="140" UP="88" RIGHT="153" DOWN="101"></TEXTURE_QUALITY_RADIO_POS1>
      <TEXTURE_QUALITY_RADIO_POS2 LEFT="181" UP="88" RIGHT="194" DOWN="101"></TEXTURE_QUALITY_RADIO_POS2>
      <TEXTURE_QUALITY_RADIO_POS3 LEFT="224" UP="88" RIGHT="237" DOWN="101"></TEXTURE_QUALITY_RADIO_POS3>
      <TEXTURE_QUALITY_RADIO_POS4 LEFT="265" UP="88" RIGHT="278" DOWN="101"></TEXTURE_QUALITY_RADIO_POS4>
      <DANAMIC_LIGHTS_RADIO_POS1 LEFT="149" UP="111" RIGHT="162" DOWN="124"></DANAMIC_LIGHTS_RADIO_POS1>
      <DANAMIC_LIGHTS_RADIO_POS2 LEFT="191" UP="111" RIGHT="204" DOWN="124"></DANAMIC_LIGHTS_RADIO_POS2>
      <DANAMIC_LIGHTS_RADIO_POS3 LEFT="228" UP="111" RIGHT="241" DOWN="124"></DANAMIC_LIGHTS_RADIO_POS3>
      <DANAMIC_LIGHTS_RADIO_POS4 LEFT="265" UP="111" RIGHT="278" DOWN="124"></DANAMIC_LIGHTS_RADIO_POS4>
      <GLOW_EFFECT_RADIO_POS1 LEFT="203" UP="134" RIGHT="216" DOWN="147"></GLOW_EFFECT_RADIO_POS1>
      <GLOW_EFFECT_RADIO_POS2 LEFT="245" UP="134" RIGHT="258" DOWN="147"></GLOW_EFFECT_RADIO_POS2>
      <GLOW_EFFECT_RADIO_POS3 LEFT="287" UP="134" RIGHT="300" DOWN="147"></GLOW_EFFECT_RADIO_POS3>
      <SHADOW_RADIO_POS1 LEFT="144" UP="157" RIGHT="157" DOWN="170"></SHADOW_RADIO_POS1>
      <SHADOW_RADIO_POS2 LEFT="185" UP="157" RIGHT="198" DOWN="170"></SHADOW_RADIO_POS2>
      <SHADOW_RADIO_POS3 LEFT="223" UP="157" RIGHT="236" DOWN="170"></SHADOW_RADIO_POS3>
      <SHADOW_RADIO_POS4 LEFT="265" UP="157" RIGHT="278" DOWN="170"></SHADOW_RADIO_POS4>
      <SETTING_RADIO_POS1 LEFT="187" UP="182" RIGHT="200" DOWN="195"></SETTING_RADIO_POS1>
      <SETTING_RADIO_POS2 LEFT="187" UP="195" RIGHT="200" DOWN="208"></SETTING_RADIO_POS2>
      <SETTING_RADIO_POS3 LEFT="187" UP="208" RIGHT="200" DOWN="221"></SETTING_RADIO_POS3>
      <SETTING_RADIO_POS4 LEFT="187" UP="221" RIGHT="200" DOWN="235"></SETTING_RADIO_POS4>
      <SETTING_RADIO_POS5 LEFT="187" UP="235" RIGHT="200" DOWN="248"></SETTING_RADIO_POS5>
      <COMBO_GAMMA LEFT="16" UP="299" RIGHT="64" DOWN="310"></COMBO_GAMMA>
      <MUSIC_BTN LEFT="207" UP="257" RIGHT="223" DOWN="273"></MUSIC_BTN>
      <SOUND_BTN LEFT="271" UP="257" RIGHT="287" DOWN="273"></SOUND_BTN>
      <MOUSE_BTN LEFT="103" UP="406" RIGHT="119" DOWN="422"></MOUSE_BTN>
      <DTEXTURE_BTN LEFT="103" UP="423" RIGHT="119" DOWN="439"></DTEXTURE_BTN>
      <WINDOW_MODE_BTN LEFT="103" UP="440" RIGHT="119" DOWN="456"></WINDOW_MODE_BTN>
      <SAVE_BTN LEFT="205" UP="423" RIGHT="263" DOWN="443"></SAVE_BTN>
      <CANCEL_BTN LEFT="264" UP="423" RIGHT="322" DOWN="443"></CANCEL_BTN>
    </SetupPosInfo>
    <SLDlgInfo FONT_NAME="&#xA;        PMingLiU&#xA;      ">
      <DLG_POS LEFT="685" UP="20" RIGHT="1015" DOWN="560"></DLG_POS>
      <LIST_RECT LEFT="5" UP="14" RIGHT="285" DOWN="385"></LIST_RECT>
      <LIST_RECT2 LEFT="157" UP="20" RIGHT="304" DOWN="310"></LIST_RECT2>
      <LIST_RECT3 LEFT="5" UP="110" RIGHT="285" DOWN="145"></LIST_RECT3>
      <DESC_START CX="135" CY="14"></DESC_START>
    </SLDlgInfo>
    <SGDlgInfo>
      <DLG_POS LEFT="0" UP="0" RIGHT="274" DOWN="344"></DLG_POS>
      <IMAGE_POS LEFT="3" UP="3" RIGHT="440" DOWN="341"></IMAGE_POS>
      <NOTICE_POS LEFT="7" UP="70" RIGHT="267" DOWN="310"></NOTICE_POS>
      <OK LEFT="60" UP="320" RIGHT="143" DOWN="340"></OK>
      <CANCEL LEFT="145" UP="320" RIGHT="223" DOWN="340"></CANCEL>
    </SGDlgInfo>
  </Taiwan>
  <China>
    <RFDlgInfo>
      <LANGUAGE LEFT="252" UP="478" RIGHT="339" DOWN="499" />
      <GAMEGUIDE LEFT="339" UP="478" RIGHT="426" DOWN="499"></GAMEGUIDE>
      <SETUP LEFT="426" UP="478" RIGHT="513" DOWN="499"></SETUP>
    </RFDlgInfo>
    <LDlgInfo>
	  <DLG_POS LEFT="685" UP="66" RIGHT="1015" DOWN="522"></DLG_POS>
      <JOIN_BTN LEFT="82" UP="74" RIGHT="148" DOWN="93"></JOIN_BTN>
      <WINDOW_MODE LEFT="159" UP="74" RIGHT="290" DOWN="91"></WINDOW_MODE>
	  <NOTICE_WEB LEFT="14" UP="102" RIGHT="344" DOWN="465"></NOTICE_WEB>
    </LDlgInfo>
    <SetupPosInfo TEXTURE_QUALITY_RANGE="4" DYNAMIC_LIGHTS_RANGE="4" GLOW_EFFECT_RANGE="3" SHADOW_RANGE="4" SETTING_RANGE="5">
	  <DLG_POS LEFT="685" UP="54" RIGHT="1015" DOWN="522"></DLG_POS>
	  <SHADOW_COMBO_STRING STRING1="Character Only" STRING2="Character+1" STRING3="Character+10" STRING4="Unlimited"></SHADOW_COMBO_STRING>
      <TEXTURE_QUALITY_RADIO_POS1 LEFT="123" UP="90" RIGHT="132" DOWN="99"></TEXTURE_QUALITY_RADIO_POS1>
      <TEXTURE_QUALITY_RADIO_POS2 LEFT="166" UP="90" RIGHT="175" DOWN="99"></TEXTURE_QUALITY_RADIO_POS2>
      <TEXTURE_QUALITY_RADIO_POS3 LEFT="220" UP="90" RIGHT="229" DOWN="99"></TEXTURE_QUALITY_RADIO_POS3>
      <TEXTURE_QUALITY_RADIO_POS4 LEFT="264" UP="90" RIGHT="273" DOWN="99"></TEXTURE_QUALITY_RADIO_POS4>
      <DANAMIC_LIGHTS_RADIO_POS1 LEFT="172" UP="113" RIGHT="181" DOWN="122"></DANAMIC_LIGHTS_RADIO_POS1>
      <DANAMIC_LIGHTS_RADIO_POS2 LEFT="218" UP="113" RIGHT="227" DOWN="122"></DANAMIC_LIGHTS_RADIO_POS2>
      <DANAMIC_LIGHTS_RADIO_POS3 LEFT="245" UP="113" RIGHT="254" DOWN="122"></DANAMIC_LIGHTS_RADIO_POS3>
      <DANAMIC_LIGHTS_RADIO_POS4 LEFT="269" UP="113" RIGHT="278" DOWN="122"></DANAMIC_LIGHTS_RADIO_POS4>
      <GLOW_EFFECT_RADIO_POS1 LEFT="204" UP="136" RIGHT="213" DOWN="145"></GLOW_EFFECT_RADIO_POS1>
      <GLOW_EFFECT_RADIO_POS2 LEFT="247" UP="136" RIGHT="256" DOWN="145"></GLOW_EFFECT_RADIO_POS2>
      <GLOW_EFFECT_RADIO_POS3 LEFT="290" UP="136" RIGHT="299" DOWN="145"></GLOW_EFFECT_RADIO_POS3>
      <SHADOW_RADIO_POS1 LEFT="142" UP="159" RIGHT="151" DOWN="168"></SHADOW_RADIO_POS1>
      <SHADOW_RADIO_POS2 LEFT="197" UP="159" RIGHT="206" DOWN="168"></SHADOW_RADIO_POS2>
      <SHADOW_RADIO_POS3 LEFT="230" UP="159" RIGHT="239" DOWN="168"></SHADOW_RADIO_POS3>
      <SHADOW_RADIO_POS4 LEFT="269" UP="159" RIGHT="278" DOWN="168"></SHADOW_RADIO_POS4>
      <SETTING_RADIO_POS1 LEFT="226" UP="184" RIGHT="235" DOWN="193"></SETTING_RADIO_POS1>
      <SETTING_RADIO_POS2 LEFT="226" UP="197" RIGHT="235" DOWN="206"></SETTING_RADIO_POS2>
      <SETTING_RADIO_POS3 LEFT="226" UP="210" RIGHT="235" DOWN="219"></SETTING_RADIO_POS3>
      <SETTING_RADIO_POS4 LEFT="226" UP="223" RIGHT="235" DOWN="232"></SETTING_RADIO_POS4>
      <SETTING_RADIO_POS5 LEFT="226" UP="236" RIGHT="235" DOWN="245"></SETTING_RADIO_POS5>
      <COMBO_GAMMA LEFT="16" UP="299" RIGHT="64" DOWN="310"></COMBO_GAMMA>
      <MUSIC_BTN LEFT="130" UP="257" RIGHT="146" DOWN="273"></MUSIC_BTN>
      <SOUND_BTN LEFT="245" UP="257" RIGHT="261" DOWN="273"></SOUND_BTN>
      <MOUSE_BTN LEFT="103" UP="406" RIGHT="119" DOWN="422"></MOUSE_BTN>
      <DTEXTURE_BTN LEFT="114" UP="430" RIGHT="130" DOWN="446"></DTEXTURE_BTN>
      <SAVE_BTN LEFT="205" UP="423" RIGHT="263" DOWN="443"></SAVE_BTN>
      <CANCEL_BTN LEFT="264" UP="423" RIGHT="322" DOWN="443"></CANCEL_BTN>
    </SetupPosInfo>
    <SLDlgInfo FONT_NAME="&#xA;        SimSun&#xA;      ">
      <DLG_POS LEFT="685" UP="20" RIGHT="1015" DOWN="560"></DLG_POS>
      <LIST_RECT LEFT="5" UP="14" RIGHT="285" DOWN="385"></LIST_RECT>
      <LIST_RECT2 LEFT="157" UP="20" RIGHT="304" DOWN="310"></LIST_RECT2>
      <LIST_RECT3 LEFT="5" UP="110" RIGHT="285" DOWN="145"></LIST_RECT3>
      <DESC_START CX="135" CY="14"></DESC_START>
    </SLDlgInfo>
    <SGDlgInfo>
      <DLG_POS LEFT="0" UP="0" RIGHT="274" DOWN="344"></DLG_POS>
      <IMAGE_POS LEFT="3" UP="3" RIGHT="440" DOWN="341"></IMAGE_POS>
      <NOTICE_POS LEFT="7" UP="70" RIGHT="267" DOWN="310"></NOTICE_POS>
      <OK LEFT="60" UP="320" RIGHT="143" DOWN="340"></OK>
      <CANCEL LEFT="145" UP="320" RIGHT="223" DOWN="340"></CANCEL>
    </SGDlgInfo>
  </China>
  <Brazil>
    <RFDlgInfo>
      <LANGUAGE LEFT="252" UP="478" RIGHT="339" DOWN="499" />
      <HOMEPAGE LEFT="345" UP="478" RIGHT="432" DOWN="499"></HOMEPAGE>
      <SETUP LEFT="430" UP="478" RIGHT="517" DOWN="499"></SETUP>
    </RFDlgInfo>
    <LDlgInfo>
	  <DLG_POS LEFT="685" UP="66" RIGHT="1015" DOWN="522"></DLG_POS>
      <JOIN_BTN LEFT="82" UP="74" RIGHT="148" DOWN="93"></JOIN_BTN>
      <WINDOW_MODE LEFT="159" UP="74" RIGHT="290" DOWN="91"></WINDOW_MODE>
	  <NOTICE_WEB LEFT="14" UP="102" RIGHT="344" DOWN="465"></NOTICE_WEB>
    </LDlgInfo>
    <SetupPosInfo TEXTURE_QUALITY_RANGE="4" DYNAMIC_LIGHTS_RANGE="4" GLOW_EFFECT_RANGE="3" SHADOW_RANGE="4" SETTING_RANGE="5">
	  <DLG_POS LEFT="685" UP="54" RIGHT="1015" DOWN="522"></DLG_POS>
	  <SHADOW_COMBO_STRING STRING1="Character Only" STRING2="Character+1" STRING3="Character+10" STRING4="Unlimited"></SHADOW_COMBO_STRING>
      <TEXTURE_QUALITY_RADIO_POS1 LEFT="140" UP="88" RIGHT="153" DOWN="101"></TEXTURE_QUALITY_RADIO_POS1>
      <TEXTURE_QUALITY_RADIO_POS2 LEFT="181" UP="88" RIGHT="194" DOWN="101"></TEXTURE_QUALITY_RADIO_POS2>
      <TEXTURE_QUALITY_RADIO_POS3 LEFT="224" UP="88" RIGHT="237" DOWN="101"></TEXTURE_QUALITY_RADIO_POS3>
      <TEXTURE_QUALITY_RADIO_POS4 LEFT="265" UP="88" RIGHT="278" DOWN="101"></TEXTURE_QUALITY_RADIO_POS4>
      <DANAMIC_LIGHTS_RADIO_POS1 LEFT="149" UP="111" RIGHT="162" DOWN="124"></DANAMIC_LIGHTS_RADIO_POS1>
      <DANAMIC_LIGHTS_RADIO_POS2 LEFT="191" UP="111" RIGHT="204" DOWN="124"></DANAMIC_LIGHTS_RADIO_POS2>
      <DANAMIC_LIGHTS_RADIO_POS3 LEFT="228" UP="111" RIGHT="241" DOWN="124"></DANAMIC_LIGHTS_RADIO_POS3>
      <DANAMIC_LIGHTS_RADIO_POS4 LEFT="265" UP="111" RIGHT="278" DOWN="124"></DANAMIC_LIGHTS_RADIO_POS4>
      <GLOW_EFFECT_RADIO_POS1 LEFT="203" UP="134" RIGHT="216" DOWN="147"></GLOW_EFFECT_RADIO_POS1>
      <GLOW_EFFECT_RADIO_POS2 LEFT="245" UP="134" RIGHT="258" DOWN="147"></GLOW_EFFECT_RADIO_POS2>
      <GLOW_EFFECT_RADIO_POS3 LEFT="287" UP="134" RIGHT="300" DOWN="147"></GLOW_EFFECT_RADIO_POS3>
      <SHADOW_RADIO_POS1 LEFT="144" UP="157" RIGHT="157" DOWN="170"></SHADOW_RADIO_POS1>
      <SHADOW_RADIO_POS2 LEFT="185" UP="157" RIGHT="198" DOWN="170"></SHADOW_RADIO_POS2>
      <SHADOW_RADIO_POS3 LEFT="223" UP="157" RIGHT="236" DOWN="170"></SHADOW_RADIO_POS3>
      <SHADOW_RADIO_POS4 LEFT="265" UP="157" RIGHT="278" DOWN="170"></SHADOW_RADIO_POS4>
      <SETTING_RADIO_POS1 LEFT="187" UP="182" RIGHT="200" DOWN="195"></SETTING_RADIO_POS1>
      <SETTING_RADIO_POS2 LEFT="187" UP="195" RIGHT="200" DOWN="208"></SETTING_RADIO_POS2>
      <SETTING_RADIO_POS3 LEFT="187" UP="208" RIGHT="200" DOWN="221"></SETTING_RADIO_POS3>
      <SETTING_RADIO_POS4 LEFT="187" UP="221" RIGHT="200" DOWN="235"></SETTING_RADIO_POS4>
      <SETTING_RADIO_POS5 LEFT="187" UP="235" RIGHT="200" DOWN="248"></SETTING_RADIO_POS5>
      <COMBO_GAMMA LEFT="16" UP="299" RIGHT="64" DOWN="310"></COMBO_GAMMA>
      <MUSIC_BTN LEFT="207" UP="257" RIGHT="223" DOWN="273"></MUSIC_BTN>
      <SOUND_BTN LEFT="271" UP="257" RIGHT="287" DOWN="273"></SOUND_BTN>
      <MOUSE_BTN LEFT="103" UP="406" RIGHT="119" DOWN="422"></MOUSE_BTN>
      <DTEXTURE_BTN LEFT="114" UP="430" RIGHT="130" DOWN="446"></DTEXTURE_BTN>
      <SAVE_BTN LEFT="205" UP="423" RIGHT="263" DOWN="443"></SAVE_BTN>
      <CANCEL_BTN LEFT="264" UP="423" RIGHT="322" DOWN="443"></CANCEL_BTN>
    </SetupPosInfo>
    <SLDlgInfo FONT_NAME="&#xA;        Arial&#xA;      ">
      <DLG_POS LEFT="685" UP="20" RIGHT="1015" DOWN="560"></DLG_POS>
      <LIST_RECT LEFT="5" UP="14" RIGHT="285" DOWN="385"></LIST_RECT>
      <LIST_RECT2 LEFT="157" UP="20" RIGHT="304" DOWN="310"></LIST_RECT2>
      <LIST_RECT3 LEFT="5" UP="110" RIGHT="285" DOWN="145"></LIST_RECT3>
      <DESC_START CX="135" CY="14"></DESC_START>
    </SLDlgInfo>
    <SGDlgInfo>
      <DLG_POS LEFT="0" UP="0" RIGHT="274" DOWN="344"></DLG_POS>
      <IMAGE_POS LEFT="3" UP="3" RIGHT="440" DOWN="341"></IMAGE_POS>
      <NOTICE_POS LEFT="7" UP="70" RIGHT="267" DOWN="310"></NOTICE_POS>
      <OK LEFT="60" UP="320" RIGHT="143" DOWN="340"></OK>
      <CANCEL LEFT="145" UP="320" RIGHT="223" DOWN="340"></CANCEL>
    </SGDlgInfo>
  </Brazil>
</Launcher>